Row Labels,Sum of GRADS,
01100170112607,69,
01100170130401,34,
01100170130419,88,
01316170131763,40,
01611190000001,1,
01611190106401,44,
01611190119222,16,
01611190130229,403,
01611190130609,43,
01611190130625,27,
01611190132142,229,
01611190134304,57,
01611270130294,4,
01611270130450,284,
01611430122697,54,
01611430131177,702,
01611430134924,9,
01611500132225,692,
01611500133876,3,
01611500135533,61,
01611680132746,32,
01611760000001,1,
01611760130062,485,
01611760130138,59,
01611760130435,9,
01611760130534,40,
01611760134270,474,
01611760134452,332,
01611760135244,465,
01611760138693,392,
01611920000001,1,
01611920108670,130,
01611920113902,108,
01611920127944,36,
01611920133009,148,
01611920133629,283,
01611920135319,426,
01611920138339,257,
01612000120931,73,
01612000130393,48,
01612000132670,59,
01612000133397,469,
01612000134536,396,
01612340130054,315,
01612340130484,22,
01612340135426,28,
01612420110460,69,
01612420110478,5,
01612420126763,36,
01612420134668,756,
01612590000001,3,
01612590100065,59,
01612590100701,38,
01612590106906,18,
01612590108944,49,
01612590110189,55,
01612590111856,28,
01612590112797,57,
01612590114868,77,
01612590115238,47,
01612590115386,46,
01612590115667,75,
01612590118224,38,
01612590118653,46,
01612590119859,37,
01612590125161,97,
01612590125716,98,
01612590126748,55,
01612590130146,120,
01612590130179,13,
01612590130575,59,
01612590130617,73,
01612590130666,67,
01612590132555,1,
01612590132688,153,
01612590135905,221,
01612590136051,440,
01612590137943,310,
01612593030772,104,
01612596066450,49,
01612596114011,24,
01612750130286,26,
01612750136515,199,
01612910000001,1,
01612910134528,88,
01612910137588,514,
01613090000001,3,
01613090111799,34,
01613090114421,122,
01613090130849,404,
01613090137745,90,
01613090137810,277,
01750930132704,488,
01750930138453,35,
01751010000000,15,
01751010000001,2,
01751010130096,510,
01751010130252,42,
01751010130583,608,
02100250230011,1,
03100330330068,5,
03739810330019,10,
03739810330050,23,
03739810330753,136,
03739810334755,122,
04100410114991,113,
04100410129817,4,
04100410134213,9,
04100410430066,16,
04100410430090,33,
04100416069256,2,
04614080430207,3,
04614080430827,29,
04614240120394,82,
04614240430199,43,
04614240431502,51,
04614240431676,416,
04614240437558,389,
04614320433201,77,
04614400121509,6,
04614570125252,15,
04615150434803,196,
04615150435602,191,
04615150437566,52,
04615310121715,14,
04615310432856,38,
04615310437350,223,
04615316112585,12,
04755070433946,8,
04755070433953,111,
05100580530048,5,
05100580530154,69,
05100589010745,3,
05615560000001,1,
05615560530014,22,
05615560530121,9,
05615560532507,136,
05615640530022,12,
05615640530055,41,
05615640531509,195,
06100660630111,7,
06615980630012,6,
06615980630046,11,
06615980631259,87,
06616060634758,28,
06616140630087,6,
06616140635250,96,
06616220630038,18,
06616220637504,83,
07100740114470,75,
07100740120444,42,
07100740730614,10,
07100740731380,505,
07616300000001,4,
07616300107524,33,
07616300730283,305,
07616300731125,317,
07616300733725,371,
07616300734244,275,
07616480110494,45,
07616480117218,149,
07616480730101,65,
07616480730259,133,
07616480730465,451,
07616480730481,1,
07616480730861,352,
07616630130930,59,
07616970737023,114,
07616970737619,20,
07617210000001,1,
07617210107797,572,
07617210730457,594,
07617210730572,97,
07617210733980,542,
07617210733998,64,
07617390730440,27,
07617390730473,29,
07617390730549,248,
07617540000000,1,
07617540000001,10,
07617540730044,353,
07617540730317,52,
07617540730333,4,
07617540730358,13,
07617540730416,16,
07617540730424,95,
07617540731646,496,
07617540731836,279,
07617540734566,267,
07617540734764,110,
07617540737809,208,
07617880730184,72,
07617880735407,649,
07617960000000,14,
07617960000001,5,
07617960101477,115,
07617960132100,52,
07617960730291,52,
07617960730325,50,
07617960730598,263,
07617960732164,266,
07617960732941,310,
07617960733253,98,
07617960733659,174,
07617960735316,231,
07617960735902,320,
07618040000001,1,
07618040113118,621,
07618040730051,653,
07618040730218,79,
07618040734368,566,
07618040736504,495,
07618040736819,38,
08100820106625,2,
08100820106666,6,
08100820830042,2,
08100820830059,77,
08618200833004,167,
08618200836205,39,
09100900106047,1,
09100900930016,5,
09100900930123,75,
09100900930131,64,
09618530000001,1,
09618530930081,599,
09618530930164,260,
09618530930214,21,
09618530930222,28,
09618530932756,235,
09618530934554,48,
09618530936302,404,
09619030930040,40,
09619030930107,10,
09619030937805,227,
09737830121566,10,
09737830930073,79,
09737830930099,9,
10101080109991,151,
10101080111682,2,
10101080119628,17,
10101081030337,22,
10101081030899,4,
10101086069488,5,
10621170110270,1,
10621170113555,571,
10621170118018,100,
10621171030196,488,
10621171030469,21,
10621171030501,599,
10621171030683,475,
10621171031004,52,
10621171031053,640,
10621251030113,18,
10621251030477,7,
10621251031376,228,
10621581031954,1,
10621581032150,183,
10621660108555,50,
10621660114355,62,
10621660114553,108,
10621660120964,5,
10621661030279,539,
10621661030287,128,
10621661030295,217,
10621661030584,86,
10621661030642,53,
10621661030675,584,
10621661030840,81,
10621661031632,111,
10621661031897,538,
10621661032507,468,
10621661032911,394,
10621661034214,344,
10621661035831,406,
10621666112619,4,
10622570124727,13,
10622571033695,242,
10622571033729,3,
10622650108092,118,
10622650116640,19,
10622650126292,24,
10622651030378,27,
10622651033703,29,
10622651035310,343,
10622811033950,36,
10623310130880,3,
10623640126870,24,
10623641034990,187,
10623800124982,84,
10624141030451,32,
10624141030766,49,
10624141036086,42,
10624141036094,576,
10624301030758,33,
10624301036607,13,
10624301036672,354,
10625396112387,74,
10625470120535,168,
10625470127159,8,
10738091030121,159,
10738091030147,3,
10739650114751,4,
10739651030386,82,
10739651030626,863,
10739651035112,45,
10739991033422,28,
10739991033430,305,
10751271030261,7,
10751271030493,170,
10752341030352,6,
10752341037456,90,
10752751030139,22,
10752751036938,99,
10754081030253,1,
10754081035575,127,
10755981030535,133,
10755981030543,2,
10767780122473,24,
10767781030774,30,
10767781038298,3,
10767781038306,214,
11101160130724,15,
11101160130807,44,
11101161130087,3,
11101161130103,19,
11101166077184,2,
11626461136209,8,
11626531132109,5,
11626611130038,12,
11626611132851,100,
11754811130012,10,
11754811135656,161,
11765621130053,7,
11765621133701,57,
12101240106153,27,
12101240106161,8,
12101240106179,5,
12101240106195,6,
12101240106203,3,
12101240134163,34,
12626870107110,22,
12626870124263,1,
12626871230044,22,
12626871230051,20,
12626871230705,174,
12626871235209,120,
12628100108688,34,
12628101233352,58,
12628101233402,150,
12629011230028,14,
12629011234004,50,
12629271230150,10,
12630320111203,57,
12630401230010,2,
12630401237007,33,
12753741232909,36,
12753821230085,3,
12753821230135,67,
12755150000000,38,
12755151232057,32,
12755151232206,209,
13101320131094,28,
13101320134379,33,
13101321330117,2,
13630811331354,68,
13630811331404,401,
13630991332154,84,
13630991332204,645,
13631071332501,83,
13631151330133,417,
13631151333004,436,
13631151333558,45,
13631490125922,3,
13631491335306,132,
13631491337138,3,
13631641331115,10,
13631641335900,274,
13632141330018,2,
13632141337609,33,
14101400117994,483,
14101400128447,118,
14101400128454,136,
14632481431352,10,
14632711438308,3,
14632891434901,22,
14632971436203,6,
14766870119081,8,
14766871430057,25,
14766871430107,2,
14766871431600,123,
15101570119669,84,
15101571530302,70,
15101571530310,197,
15101571530492,52,
15634120100529,300,
15634120116384,196,
15634121531656,78,
15634121531672,329,
15635290100198,547,
15635290110999,534,
15635290116392,483,
15635290116400,521,
15635290125062,116,
15635291530021,33,
15635291530047,48,
15635291530112,125,
15635291530252,503,
15635291530344,516,
15635291530369,476,
15635291530385,581,
15635291530435,135,
15635291530476,484,
15635291530708,590,
15635291532290,451,
15635291532605,455,
15635291533330,412,
15635291533538,93,
15635291534775,336,
15635291535087,324,
15635291535392,439,
15635291536325,81,
15635291536606,425,
15636280127183,103,
15636280127209,188,
15636280134312,23,
15636281533843,18,
15636770114512,87,
15636771534460,34,
15636851530997,40,
15636851531987,85,
15637761530039,14,
15637761530377,30,
15637761534957,176,
15638181530138,14,
15638181535905,227,
15638261530245,11,
15638261536135,266,
15638591530351,65,
15638591536440,334,
15737420000001,1,
15737421530054,35,
15737421531367,284,
15739081530146,10,
15739081530229,4,
15739081534155,204,
15751681530401,71,
16101651630102,9,
16101651630193,19,
16101656069298,2,
16638750101717,43,
16638750112698,58,
16638911632207,148,
16639250118919,189,
16639251630060,18,
16639251630169,286,
16639251634245,33,
16639251634401,324,
16639580132860,154,
16639820110205,52,
16639821630011,46,
16639821635606,409,
16739321630078,12,
16739321630110,1,
16739321630953,130,
17101731730167,2,
17640141730043,2,
17640141730159,1,
17640141734359,115,
17640220000001,1,
17640220132571,13,
17640221730027,21,
17640221730118,5,
17640221735000,106,
17640301730019,8,
17640301730142,3,
17640301732304,86,
17640550129601,15,
17640551730035,13,
17640551736008,101,
17769761730050,4,
17769761737006,47,
18101811830058,2,
18640891831601,12,
18641390131953,3,
18641391833805,191,
18641620120287,33,
18641626010763,44,
18642041830132,52,
18642041838507,13,
18750360121657,16,
18750361833409,17,
19101990109942,52,
19101990112128,118,
19101990121822,29,
19101990121871,20,
19101990121897,4,
19101990121905,3,
19101990121921,18,
19101990121939,2,
19101990121970,17,
19101990121988,6,
19101990121996,4,
19101990122010,20,
19101990122028,21,
19101990122036,19,
19101990122044,9,
19101990122051,1,
19101990122077,7,
19101990123604,3,
19101990123612,1,
19101990127274,11,
19101990127522,14,
19101991933399,144,
19101991995232,4,
19101991995869,132,
19101991996008,252,
19101991996172,28,
19101991996214,50,
19642120000000,6,
19642120000001,2,
19642121930056,505,
19642121930361,304,
19642121931641,114,
19642121931880,161,
19642121933159,469,
19642121995596,27,
19642460100081,660,
19642460108407,488,
19642460111872,89,
19642460115337,9,
19642460126003,10,
19642461930213,398,
19642461931732,125,
19642461936624,524,
19642461937051,664,
19642461995398,667,
19642461995406,288,
19642461995844,427,
19642461995968,10,
19642461996537,353,
19642461996644,100,
19642610000001,1,
19642611930288,840,
19642611995299,30,
19642791930528,271,
19642791931765,84,
19642791933449,239,
19642870000001,3,
19642870114397,536,
19642871930601,432,
19642871936384,188,
19642871938166,420,
19642871996479,286,
19642951930700,240,
19642951936491,24,
19643031930775,357,
19643031935618,468,
19643031938190,123,
19643110000001,5,
19643111930981,358,
19643111931021,20,
19643290000001,1,
19643291931088,471,
19643291937598,39,
19643291937739,331,
19643370000001,2,
19643370131573,10,
19643371931187,641,
19643371931237,575,
19643371933332,56,
19643371995877,3,
19643371996099,168,
19643371996230,1,
19643520000001,1,
19643520118521,17,
19643520128488,80,
19643520128496,52,
19643521930239,88,
19643521933951,365,
19643521934926,456,
19643521935048,484,
19643780000001,1,
19643781930312,30,
19643781931666,383,
19643781995885,11,
19643941931807,15,
19643941931823,580,
19644361931617,55,
19644361932086,326,
19644361936418,319,
19644361938372,387,
19644440000001,2,
19644440128322,4,
19644441932201,491,
19644441932656,23,
19644510000001,5,
19644511931625,183,
19644511932441,1009,
19644511939164,885,
19644690128736,67,
19644691932482,223,
19644691936079,28,
19645190000001,2,
19645191930320,462,
19645191932664,372,
19645191932680,293,
19645191937481,361,
19645191938919,81,
19645191995661,303,
19645191996123,13,
19645270000000,7,
19645271932698,108,
19645271932706,521,
19645351930353,29,
19645351932763,278,
19645680000001,7,
19645681932144,642,
19645681933472,86,
19645681933530,525,
19645681934082,339,
19645681995497,24,
19645681996131,238,
19645761933597,600,
19645761939677,27,
19645841996305,234,
19645920100354,128,
19646340000001,2,
19646341934231,229,
19646341936046,185,
19646341996529,55,
19646341996586,132,
19646590000001,2,
19646591934611,331,
19646831930080,491,
19646831931260,3,
19646831931781,422,
19646911996438,103,
19647090100602,128,
19647091996313,138,
19647250000000,2,
19647250000001,2,
19647250101741,3,
19647250125153,19,
19647250127381,168,
19647250131938,1,
19647251930411,50,
19647251934470,694,
19647251934678,766,
19647251935758,792,
19647251936947,956,
19647251937176,97,
19647251939875,812,
19647251995539,174,
19647251995570,402,
19647251995935,541,
19647251996503,99,
19647330000001,58,
19647330100677,83,
19647330100750,83,
19647330100776,23,
19647330100800,111,
19647330101196,154,
19647330101329,41,
19647330101659,45,
19647330101675,131,
19647330101683,30,
19647330102137,22,
19647330102434,112,
19647330102541,81,
19647330102764,25,
19647330102913,97,
19647330102921,113,
19647330106351,37,
19647330106435,65,
19647330106831,102,
19647330106849,132,
19647330106864,116,
19647330106997,189,
19647330107003,237,
19647330107011,104,
19647330107755,234,
19647330108878,197,
19647330108894,133,
19647330108928,45,
19647330108936,140,
19647330109447,308,
19647330109454,395,
19647330109462,284,
19647330109512,81,
19647330110304,44,
19647330110668,19,
19647330111484,30,
19647330111492,133,
19647330111500,104,
19647330111575,129,
19647330111583,133,
19647330111625,94,
19647330111641,123,
19647330111658,147,
19647330112029,82,
19647330112037,136,
19647330112045,303,
19647330112052,198,
19647330112508,108,
19647330112870,63,
19647330114850,252,
19647330115030,38,
19647330115212,34,
19647330115253,70,
19647330116509,52,
19647330116954,11,
19647330117051,238,
19647330117069,106,
19647330117077,54,
19647330117598,93,
19647330117606,133,
19647330117622,27,
19647330117721,71,
19647330117747,86,
19647330117762,78,
19647330117911,35,
19647330118588,246,
19647330119651,84,
19647330119685,79,
19647330119693,83,
19647330119727,353,
19647330119966,137,
19647330120071,28,
19647330120360,88,
19647330120808,11,
19647330121095,72,
19647330121285,109,
19647330121293,82,
19647330122275,48,
19647330122333,102,
19647330122341,131,
19647330122358,78,
19647330122366,71,
19647330122374,82,
19647330122382,84,
19647330122606,43,
19647330123133,119,
19647330123141,51,
19647330124362,236,
19647330124370,107,
19647330124388,127,
19647330124396,109,
19647330124404,64,
19647330124412,62,
19647330124420,77,
19647330124479,151,
19647330124487,77,
19647330124495,98,
19647330124503,68,
19647330124511,71,
19647330124529,150,
19647330124560,166,
19647330124883,86,
19647330124891,107,
19647330124933,102,
19647330125864,97,
19647330125989,121,
19647330126136,94,
19647330126474,48,
19647330126482,105,
19647330126490,108,
19647330126508,105,
19647330126516,134,
19647330126524,141,
19647330126532,105,
19647330126540,109,
19647330126557,78,
19647330126573,118,
19647330126615,136,
19647330126623,106,
19647330127787,92,
19647330127795,86,
19647330127803,87,
19647330127852,31,
19647330127894,90,
19647330127910,109,
19647330129536,14,
19647330129627,18,
19647330129775,133,
19647330130997,74,
19647330133272,82,
19647330133298,51,
19647331930064,6,
19647331930296,64,
19647331930387,110,
19647331930403,11,
19647331930429,22,
19647331930486,5,
19647331930551,37,
19647331930577,17,
19647331930619,20,
19647331930650,293,
19647331930692,37,
19647331930734,21,
19647331930783,23,
19647331930791,4,
19647331930866,533,
19647331930924,161,
19647331930940,20,
19647331930973,41,
19647331931047,705,
19647331931336,28,
19647331931377,19,
19647331931385,11,
19647331931393,10,
19647331931435,14,
19647331931450,16,
19647331931468,46,
19647331931476,229,
19647331931484,11,
19647331931500,38,
19647331931518,26,
19647331931526,343,
19647331931534,35,
19647331931559,27,
19647331931682,10,
19647331931690,29,
19647331931708,426,
19647331931716,45,
19647331931856,17,
19647331931864,657,
19647331931930,39,
19647331931955,13,
19647331931971,18,
19647331931989,14,
19647331931997,47,
19647331932128,190,
19647331932250,26,
19647331932318,26,
19647331932334,20,
19647331932342,28,
19647331932383,185,
19647331932391,11,
19647331932540,387,
19647331932623,939,
19647331932821,12,
19647331932847,209,
19647331932888,219,
19647331932920,375,
19647331932987,615,
19647331933001,318,
19647331933043,245,
19647331933118,384,
19647331933233,251,
19647331933241,331,
19647331933381,515,
19647331933746,1020,
19647331933795,345,
19647331933852,566,
19647331934033,273,
19647331934157,367,
19647331934371,174,
19647331934454,81,
19647331935121,188,
19647331935352,217,
19647331935519,297,
19647331935568,514,
19647331935717,1,
19647331935865,436,
19647331936160,525,
19647331936350,540,
19647331937085,13,
19647331937226,323,
19647331937424,367,
19647331937622,470,
19647331937838,560,
19647331938307,555,
19647331938554,369,
19647331938612,476,
19647331938885,357,
19647331938968,472,
19647331939040,405,
19647331939107,317,
19647331939305,208,
19647331939479,228,
19647331939859,322,
19647331939941,451,
19647331995448,410,
19647331995794,111,
19647331995836,722,
19647331996073,32,
19647331996115,279,
19647331996610,48,
19647336016885,142,
19647336019475,81,
19647336019715,116,
19647336058002,162,
19647336060495,1,
19647336060529,7,
19647336061451,184,
19647336061600,48,
19647336069157,4,
19647336116750,91,
19647336119945,68,
19647740109538,368,
19647740114777,83,
19647740127845,5,
19647741935428,93,
19647741935436,454,
19647900000001,2,
19647901935899,29,
19647901935923,379,
19647901996404,15,
19648080124552,144,
19648081930155,589,
19648081930825,566,
19648081935998,568,
19648081938927,112,
19648081996388,14,
19648400000001,2,
19648401933647,305,
19648401934728,500,
19648401936467,423,
19648401936475,97,
19648570112714,182,
19648570125377,107,
19648576119580,34,
19648650000001,2,
19648651933308,38,
19648651995588,629,
19648651996552,351,
19648731936749,1013,
19648731936756,90,
19648810000001,5,
19648810113464,45,
19648810117440,50,
19648810118075,60,
19648811931062,98,
19648811931674,246,
19648811936103,167,
19648811936806,76,
19648811936822,412,
19649070000001,5,
19649070115170,72,
19649071933175,237,
19649071933324,369,
19649071936772,105,
19649071937028,263,
19649071995901,379,
19649071996495,93,
19649076061634,74,
19649076061642,57,
19649641937754,263,
19649800000001,1,
19649801933373,27,
19649801938000,663,
19649801995737,154,
19650290000001,1,
19650291938455,335,
19650521938679,521,
19650521995745,20,
19650521995976,7,
19650600000001,15,
19650600110320,3,
19650601936277,434,
19650601938083,81,
19650601938356,495,
19650601938752,542,
19650601939602,535,
19650940112706,230,
19650940122432,229,
19650940130005,10,
19650941938513,79,
19650941939537,514,
19651281930338,108,
19651281931302,600,
19651281934868,624,
19651281936889,331,
19651281937903,496,
19651281939701,436,
19651281995653,186,
19651360000001,1,
19651360102459,494,
19651360102475,570,
19651360112359,8,
19651360114439,351,
19651360117234,65,
19651360121731,62,
19651361931492,468,
19651361931740,542,
19651361932532,57,
19651361933902,496,
19651361934421,233,
19651361995802,737,
19651361996263,256,
19651361996321,106,
19734370000001,2,
19734371931567,158,
19734371931963,342,
19734371932326,323,
19734371995695,229,
19734371996057,5,
19734451933316,36,
19734451934801,266,
19734451935246,450,
19734451938935,37,
19734451939834,384,
19734451939925,235,
19734520000001,3,
19734520120600,30,
19734521930106,57,
19734521936228,407,
19734521937564,517,
19734601932862,736,
19734601937747,16,
19734601939149,655,
19752911995810,425,
19752911996016,259,
19752911996081,29,
19753090127100,157,
19753090129411,14,
19753090129742,52,
19753090130955,2,
19753090131383,23,
19753090131557,2,
19753090131987,78,
19753090132654,64,
19753090134585,9,
19753090134619,8,
19753090135145,31,
19753091995786,84,
19753330000001,5,
19753331935808,609,
19753410000001,5,
19753410116285,1,
19753411937143,637,
19753411995752,39,
19756636120158,95,
19756971996693,91,
19757131930122,36,
19757131930163,630,
19757131934553,526,
19757131937697,538,
19757131995430,54,
19764970115725,30,
19768690119016,117,
19768690119636,111,
19768690131128,36,
19768850132928,24,
19769680109926,68,
20102070117184,92,
20102072030054,1,
20102072030153,13,
20102072030229,51,
20102076077200,11,
20652012030047,2,
20652012032357,224,
20652430110965,542,
20652430118950,16,
20652430123620,35,
20652432035640,45,
20652432035707,460,
20755800110403,4,
20755800111443,2,
20755802030161,4,
20755802030203,133,
20756060100180,3,
20756060117010,58,
20756060125021,53,
20756060132936,19,
20756066113948,1,
20764140115550,3,
20764142030013,133,
20764142030039,8,
20764142030104,22,
20764142030237,23,
21102150113183,2,
21102152130037,17,
21102152130102,4,
21654170000001,1,
21654172130045,16,
21654172132264,38,
21654172132272,273,
21654172133056,224,
21654662133254,26,
21654662133262,242,
21654662134005,231,
21654820000001,3,
21654822130078,44,
21654822131340,242,
21654822132587,394,
21654822133692,319,
21654822134419,50,
21733612134310,39,
22102236105308,1,
22655322230035,14,
22655322230068,19,
22655322230076,2,
22655322235356,102,
23102312330124,6,
23102312330447,6,
23655402330058,4,
23655402330900,44,
23655650123737,4,
23655652330215,16,
23655652331361,88,
23655812330090,6,
23655812330306,2,
23655812333185,42,
23655992330108,2,
23655992333649,31,
23656072330033,8,
23656072334563,12,
23656150128280,42,
23656152330413,19,
23656152330454,12,
23656152334704,65,
23656152335024,281,
23656230112300,8,
23656232330066,32,
23656232330314,13,
23656232330363,10,
23656232335487,75,
23738662330041,12,
23738662330116,1,
23739162332260,24,
23752182332724,3,
24102490106518,27,
24102492430056,23,
24102492430148,107,
24102492430163,26,
24102492430171,27,
24656982430080,7,
24656982430106,2,
24656982432409,160,
24657302430064,32,
24657302433001,101,
24657550119073,34,
24657550120923,329,
24657552431492,37,
24657552434207,311,
24657890127373,363,
24657892430049,5,
24657892430098,364,
24657892430205,370,
24657892430601,400,
24657892433605,265,
24657892435204,340,
24657892439602,81,
24736192430031,28,
24736192431807,134,
24753172430015,12,
24753172431203,149,
24753660114538,9,
24753662430114,167,
24753662430197,27,
25658962537702,8,
25735852530020,4,
25735852535409,49,
25735932530087,7,
25735934737250,34,
26102640124990,98,
26102640126698,50,
26102640128645,2,
26102642630028,5,
26736682633006,16,
26736682635001,6,
26736922630010,68,
26736922630036,8,
27102720125765,31,
27102722730117,6,
27102722730232,73,
27102722730265,51,
27659790135111,2,
27659872730018,13,
27659872730414,194,
27660680134254,1,
27660682730083,11,
27660682730174,218,
27660682732170,205,
27660920111435,119,
27660922730240,29,
27660922732253,32,
27660922732808,284,
27660922735348,244,
27661342731115,7,
27661342733657,137,
27661590124610,75,
27661592730109,483,
27661592730166,462,
27661592733178,377,
27661592734481,92,
27661592734556,550,
27738252730034,223,
27738252730125,61,
27738252730141,21,
27751500118349,3,
27754400106112,21,
27754402730190,310,
27754732730067,9,
27754732730885,160,
28102802830073,3,
28102802830099,42,
28662412830065,8,
28662412831758,62,
28662660101964,39,
28662660121087,350,
28662660128314,7,
28662662830016,380,
28662662830115,88,
28662662830149,60,
28662662835601,376,
28662902837102,109,
29102980114314,17,
29102980116681,3,
29102980116913,1,
29102980126219,89,
29102980130823,212,
29102982930147,622,
29663570000001,1,
29663570112367,44,
29663570124834,13,
29663572930030,32,
29663572930048,162,
29663572930071,49,
29663572930089,37,
29663572935500,318,
29768776111371,17,
30103060126037,115,
30103060132910,121,
30103060134239,9,
30103060134841,1,
30103063030426,85,
30103063030632,109,
30103063030764,583,
30103066069553,6,
30664310000001,1,
30664313030038,623,
30664313030228,587,
30664313030384,69,
30664313030616,184,
30664313032786,241,
30664313033057,551,
30664313033115,599,
30664313033784,459,
30664313034204,370,
30664313036712,394,
30664313038239,482,
30664493030624,29,
30664493030640,423,
30664640106765,427,
30664640113381,598,
30664640124131,57,
30664643030210,511,
30664643030574,723,
30664643030756,573,
30664643030798,3,
30664643035987,110,
30664643036001,706,
30664643038569,621,
30664646120356,23,
30665140000001,1,
30665143030335,27,
30665143030855,440,
30665143032505,456,
30665143033362,514,
30665143033610,141,
30665143037090,421,
30665143037348,580,
30665143037496,594,
30665223030103,89,
30665223030434,431,
30665223032752,577,
30665223033578,545,
30665223033933,377,
30665223035581,381,
30665223035706,361,
30665223036555,455,
30665483030145,316,
30665483030368,64,
30665483031895,544,
30665483032158,871,
30665483032943,660,
30665483034410,517,
30665483038445,513,
30665483038551,74,
30665553033206,238,
30665970000001,1,
30665970111666,56,
30665973030186,36,
30665973031697,408,
30665973031853,254,
30665973032000,256,
30665973034907,77,
30665973035045,571,
30666210000000,1,
30666210000001,1,
30666210118174,1,
30666213030046,568,
30666213031952,472,
30666213035409,393,
30666213035748,111,
30666213038098,578,
30666470119404,393,
30666473030053,377,
30666473030483,39,
30666473031929,457,
30666473031945,142,
30666473038023,627,
30666476119556,14,
30666700106567,83,
30666700108365,534,
30666700114736,590,
30666703030475,209,
30666703030491,360,
30666703030608,78,
30666703030723,359,
30666703034998,154,
30666703035821,321,
30666703036357,539,
30666703036456,435,
30666706115133,1,
30736353030061,571,
30736353030079,105,
30736353030244,374,
30736353030392,665,
30736353030509,31,
30736353034956,576,
30736430102871,614,
30736433030590,15,
30736433032109,677,
30736433032919,92,
30736433037553,481,
30736500000001,4,
30736503030129,48,
30736503030152,477,
30736503030285,572,
30736503030467,10,
30736503030657,521,
30736503035102,613,
30739243033917,820,
30768930130765,13,
31103140113399,1,
31103140119214,50,
31103140126904,10,
31103143130101,18,
31103143130259,11,
31668450121418,30,
31668520127902,1,
31668940102293,32,
31668943130135,50,
31668943131687,27,
31668943131851,136,
31668943132453,424,
31668943135704,321,
31669280116459,413,
31669283130119,50,
31669283130176,499,
31669283130184,482,
31669283130309,41,
31669283135308,414,
31669283136504,435,
31669443130010,80,
31669443130077,17,
31669443130192,10,
31669443138500,158,
31669510122507,117,
31669513130036,25,
31669513130168,138,
31669513134657,381,
31750850000001,1,
31750850108084,440,
31750850119487,108,
31750850128561,44,
31750853130150,447,
31750853130200,49,
32103220100057,1,
32669693230042,3,
32669693230083,41,
32669693232006,16,
32669693233509,13,
32669693235603,35,
32669693236007,41,
33103300110833,148,
33103300125237,29,
33103300128397,210,
33103300128777,52,
33103300134320,4,
33103303330123,29,
33103303331055,46,
33103306069207,5,
33316253330834,30,
33669770000001,1,
33669770125732,442,
33669770135061,79,
33669773330008,402,
33669773334299,454,
33669773337128,78,
33669853330214,207,
33669853330222,10,
33669853330974,7,
33669930000001,1,
33669930129882,27,
33669933330479,599,
33669933330842,51,
33670330110106,29,
33670330110627,905,
33670330110759,196,
33670333330131,58,
33670333330446,726,
33670333330586,280,
33670333330602,3,
33670333330701,834,
33670333331600,575,
33670333334232,478,
33670580114504,93,
33670580118885,443,
33670583330388,461,
33670583330669,543,
33670583330909,69,
33670583331113,107,
33670583333192,417,
33670820106716,75,
33670820113159,305,
33670820120675,26,
33670820128363,19,
33670820132167,6,
33670823330065,157,
33670823330503,72,
33670823330537,344,
33670823332673,508,
33670900000001,5,
33670900114157,507,
33670900127720,21,
33670903330412,344,
33670903334687,212,
33670903337136,304,
33671160109843,109,
33671240000001,6,
33671240105940,1,
33671240128868,55,
33671243330396,455,
33671243330438,545,
33671243330685,2,
33671243330800,62,
33671243331071,393,
33671243333762,95,
33671243333770,472,
33671570125245,10,
33671573331014,119,
33671730127316,407,
33671730133090,29,
33671733330578,270,
33671733330818,323,
33671733331121,136,
33671733335130,389,
33671813331139,76,
33671813335759,152,
33672070000001,1,
33672070101170,109,
33672070113191,569,
33672073330172,216,
33672073330727,591,
33672073335973,456,
33672150000001,4,
33672150115709,25,
33672150131359,42,
33672153330024,396,
33672153330362,99,
33672153330511,9,
33672153330677,42,
33672153330859,755,
33672153334406,446,
33672153336237,568,
33672153336492,465,
33672153336955,83,
33672490000001,1,
33672493331006,63,
33672493337649,92,
33672493337656,444,
33672496114748,52,
33736760100255,348,
33736760121673,32,
33736763330032,44,
33736763330354,57,
33736763330990,522,
33751760107920,431,
33751760116343,39,
33751763330115,109,
33751763330487,416,
33751763332350,459,
33751920105734,841,
33751923330370,546,
33751923330495,71,
33751923330636,97,
33751923330743,711,
33751923330917,80,
33752000100420,822,
33752000102079,100,
33752000118794,491,
33752003330529,522,
33752420109108,499,
33752420123190,11,
33752423330552,738,
33752423330560,205,
33769430132522,1,
34103480106229,8,
34103480106237,8,
34103480106245,39,
34103480106278,20,
34103480106302,5,
34103480118745,26,
34322760330027,16,
34322763931250,34,
34322763990025,45,
34322765637780,62,
34673140000001,12,
34673140105916,508,
34673140108753,526,
34673140116897,545,
34673143430170,333,
34673143430311,131,
34673143430329,89,
34673143430352,62,
34673143430477,271,
34673143430592,402,
34673143430618,485,
34673143430873,598,
34673143432002,55,
34673143432572,407,
34673146112254,95,
34673220127860,9,
34673300113571,365,
34673303430501,48,
34673303430709,42,
34673303431533,347,
34673303433216,514,
34673303434792,33,
34673550000001,3,
34673550119131,255,
34673553432903,4,
34673553433471,221,
34674133430469,3,
34674133430550,5,
34674134835302,92,
34674135731708,68,
34674210132019,28,
34674390000001,7,
34674390101881,44,
34674390101899,64,
34674390101907,70,
34674390101972,246,
34674390102038,139,
34674390108951,36,
34674390114546,48,
34674393430154,105,
34674393430519,109,
34674393430865,196,
34674393431012,341,
34674393434636,269,
34674393434768,483,
34674393435419,471,
34674470121467,16,
34674473430048,164,
34674473430097,51,
34674473430386,97,
34674473430394,8,
34674473430493,480,
34674473430691,222,
34674473430717,776,
34674473430758,50,
34674473431111,270,
34674473432051,377,
34674473432317,275,
34674473432838,142,
34674473435930,385,
34674473436714,378,
34674473438504,141,
34674476034664,3,
34739730000001,1,
34739730106377,4,
34739733430378,291,
34739733430451,26,
34752830102236,415,
34752830112425,127,
34752830126060,30,
34752833430584,242,
34752833430626,52,
34752833430659,113,
34765050000001,3,
34765050101832,66,
34765050108415,186,
34765050108795,24,
34765050108837,98,
34765050114272,200,
34765050130757,99,
34765053430261,46,
34765053430634,122,
34765053430881,64,
34765053433265,225,
34765053433794,365,
34765053434370,135,
34765053436979,306,
35103550132308,6,
35103553530045,3,
35675383530029,61,
35675383537008,634,
35752593530060,54,
36103630107466,62,
36103633630431,22,
36103636069348,1,
36675870120592,322,
36675870128462,60,
36676113630712,50,
36676113630803,299,
36676373630290,18,
36676373631066,165,
36676520000001,1,
36676520126243,23,
36676523630225,585,
36676523630373,816,
36676523630571,812,
36676523631058,711,
36676523631157,451,
36676523632205,689,
36676523633906,605,
36676523634482,525,
36676523637659,189,
36676780000001,1,
36676783630035,357,
36676783630522,612,
36676783631017,744,
36676783631587,21,
36676783631769,84,
36676783632502,512,
36676860125500,503,
36676863630399,35,
36676863631322,454,
36676863632742,360,
36676863636131,91,
36677100000001,3,
36677100108191,593,
36677100120758,437,
36677103630019,122,
36677103630480,151,
36677103630555,469,
36677103630902,523,
36677103633302,462,
36677360116723,62,
36677360128439,23,
36677360130948,15,
36677360131151,10,
36677773630217,92,
36677773636743,157,
36677773638616,223,
36678010132720,3,
36678013630266,10,
36678013634169,52,
36678270111807,384,
36678270113928,122,
36678430000000,1,
36678430118802,508,
36678430127837,9,
36678433630779,528,
36678433630928,29,
36678433634995,89,
36678433635042,513,
36678500000001,1,
36678500102830,506,
36678503630159,147,
36678503630530,54,
36678503630597,554,
36678503633005,467,
36678680000001,1,
36678683630241,37,
36678683635265,258,
36678760107730,10,
36678760109850,49,
36678760120568,85,
36678760125450,317,
36678760128405,9,
36678763630308,341,
36678763630993,37,
36678763631082,525,
36678763631090,79,
36678763632221,630,
36678763632809,257,
36678763634680,284,
36678763635844,291,
36678763636081,477,
36678920134247,23,
36678923636487,16,
36679340110064,171,
36679340125419,318,
36679343630100,47,
36679343630670,417,
36679343630761,343,
36679343630787,428,
36679343638012,358,
36679346114698,77,
36679590101410,49,
36679590101816,2,
36679593633351,87,
36679593638509,559,
36738583630076,10,
36738900118109,4,
36738903630274,72,
36738903630282,18,
36738903631199,13,
36739573630233,415,
36739573630365,93,
36739573630589,6,
36739573631108,4,
36750440000001,1,
36750440107516,35,
36750440114389,54,
36750440115444,91,
36750440116707,121,
36750440119115,567,
36750443630407,434,
36750443630472,198,
36750443630746,408,
36750443630811,49,
36750510115089,24,
36750510136432,5,
36750513630563,41,
36750513630696,1,
36750693630456,76,
36750693637584,770,
36750773630423,488,
36750773630894,332,
36750773631009,11,
36750773631207,108,
37103710115998,16,
37103710120493,17,
37103710128520,160,
37103710128538,68,
37103711996545,12,
37103716119119,60,
37679830117887,1,
37679830131144,61,
37679830134890,16,
37679833730447,28,
37680236115778,62,
37680313731478,285,
37680490119990,288,
37680490129221,6,
37680490132506,75,
37680496119564,67,
37681060111195,257,
37681060127241,158,
37681063730058,459,
37681063731023,211,
37681063732054,97,
37681063732062,473,
37681063735313,392,
37681223730967,38,
37681223732179,441,
37681223732195,45,
37681300000001,2,
37681300128793,8,
37681300128819,8,
37681300132548,49,
37681303730066,458,
37681303730702,429,
37681303731262,492,
37681303731536,36,
37681303731692,275,
37681303731809,303,
37681303732336,547,
37681303732559,12,
37681303732625,464,
37681303732732,536,
37681303734548,356,
37681303734761,254,
37681303737905,333,
37681556117303,18,
37681630124271,168,
37681630128421,11,
37681633731239,146,
37681713733219,41,
37681890118323,28,
37681893731072,38,
37682130119560,22,
37682130123224,98,
37682130123240,16,
37682130127084,20,
37682130129668,8,
37682133730934,5,
37682133730991,6,
37682133731080,1,
37682133734878,58,
37682960000001,3,
37682960118935,483,
37682963730074,503,
37682963730819,542,
37682963731528,567,
37682963735842,75,
37682963735867,538,
37683040102178,17,
37683040131250,15,
37683043735958,39,
37683043735974,351,
37683380000001,14,
37683380106732,100,
37683380106799,101,
37683380107029,187,
37683380107052,114,
37683380107078,58,
37683380107086,64,
37683380107094,81,
37683380107102,61,
37683380107177,208,
37683380107219,109,
37683380107482,33,
37683380108787,99,
37683380114025,228,
37683380114462,160,
37683380114520,34,
37683380118315,19,
37683380118851,115,
37683380119610,112,
37683380120410,18,
37683380122788,44,
37683380126938,1,
37683380127647,109,
37683380128744,42,
37683380131979,19,
37683383730173,296,
37683383730181,514,
37683383730231,186,
37683383730314,345,
37683383730371,145,
37683383730751,31,
37683383730884,485,
37683383730959,495,
37683383731056,53,
37683383731130,2,
37683383731189,102,
37683383731213,203,
37683383731247,142,
37683383731395,124,
37683383732781,487,
37683383732997,360,
37683383733508,371,
37683383733698,246,
37683383734431,213,
37683383734654,318,
37683383735750,395,
37683383737962,117,
37683386040083,6,
37683386061964,79,
37683460000001,3,
37683460106328,479,
37683463730033,692,
37683463731007,445,
37683463737384,46,
37683463737418,380,
37684030125401,103,
37684036120893,194,
37684110000000,87,
37684110000001,2,
37684110111831,689,
37684110115873,2,
37684113730124,381,
37684113730405,551,
37684113730801,318,
37684113730843,708,
37684113731064,586,
37684113731155,28,
37684113731304,87,
37684113731460,3,
37684113731502,498,
37684113731627,569,
37684113732047,74,
37684113732849,463,
37684113733953,355,
37684113738226,646,
37684113738234,366,
37684370128470,28,
37684520106120,414,
37684520114264,35,
37684520115451,81,
37684520118430,308,
37684520124917,22,
37684520126300,10,
37684523730728,492,
37684523730942,111,
37684523732039,58,
37684523738705,547,
37735510127423,265,
37735513730017,34,
37735513730694,503,
37735513731163,12,
37735690000001,2,
37735693731221,98,
37735693735206,485,
37735693739018,680,
37735693739026,26,
37737910105726,591,
37737910109785,21,
37737913730215,51,
37737913730793,19,
37737913737632,690,
37754160132472,47,
37754163730975,15,
37754166119275,12,
37756143731114,263,
37756143731312,23,
37756143731601,11,
37764710114678,153,
37764710114694,111,
37768510129320,1,
37768510132886,39,
37770320134577,70,
37770990136077,3,
38103893830361,9,
38103893830395,19,
38103893830445,14,
38684780101774,31,
38684780102103,39,
38684780107300,67,
38684780118133,23,
38684780118141,220,
38684780119875,68,
38684780119958,78,
38684780127530,80,
38684783830031,47,
38684783830064,43,
38684783830197,86,
38684783830205,136,
38684783830254,229,
38684783830288,280,
38684783830387,137,
38684783830403,85,
38684783830411,43,
38684783830429,22,
38684783830437,100,
38684783831765,414,
38684783833241,471,
38684783833407,665,
38684783834082,223,
38684783834769,60,
38684783839081,442,
39103970120717,36,
39103970121723,63,
39103973930195,9,
39103973930468,164,
39103973930476,203,
39685020126011,4,
39685023930054,24,
39685023932308,210,
39685690000001,1,
39685693933793,50,
39685693933801,630,
39685770000001,1,
39685770118307,42,
39685773933959,128,
39685850101956,86,
39685850108225,323,
39685850122580,50,
39685853930237,400,
39685853930278,44,
39685853930344,49,
39685853930443,64,
39685853934759,393,
39685853934767,70,
39685853934783,400,
39685930101576,267,
39685930112565,48,
39685930116376,282,
39685930126094,30,
39685933930310,335,
39685933932001,316,
39685933935103,336,
39685933935111,80,
39686270126755,59,
39686270127191,91,
39686270129908,83,
39686270129916,19,
39686270130864,55,
39686270132365,1,
39686270133116,82,
39686276119309,62,
39686500125849,96,
39686500128215,12,
39686503935756,212,
39686760000001,1,
39686760108159,441,
39686760115402,33,
39686760118497,66,
39686760119743,88,
39686760119784,80,
39686760120733,39,
39686760123802,117,
39686760124248,37,
39686763930211,90,
39686763930427,79,
39686763932100,412,
39686763932654,367,
39686763937406,250,
39686766104368,1,
39754990102392,126,
39754990114140,114,
39754990119040,374,
39754993930302,398,
39754993938008,422,
39767600128967,199,
40104050101725,156,
40104054030078,15,
40104054030250,45,
40687004030102,23,
40687004030151,30,
40687004030755,250,
40687590000001,1,
40687590125328,86,
40687594030268,222,
40687594030557,489,
40687594033205,63,
40688094030045,35,
40688094034807,157,
40688094036703,312,
40688334037008,13,
40688414030128,1,
40688414030185,29,
40688414037701,160,
40754570000001,1,
40754570119354,43,
40754574035754,398,
40754574035762,72,
40754654030144,4,
40754654032009,51,
41104130113266,6,
41104130113332,5,
41104130117143,1,
41104130128652,6,
41104134130076,13,
41688904130027,16,
41688904132817,237,
41689160112284,73,
41689240127548,96,
41689244133393,218,
41689244135075,109,
41689244137535,193,
41689244137592,82,
41689244137790,353,
41689404135331,29,
41689990134197,27,
41690470000001,1,
41690470128165,61,
41690470129759,4,
41690474130217,337,
41690474130472,303,
41690474130738,256,
41690474133070,309,
41690474134557,283,
41690474136370,347,
41690620000001,1,
41690620112722,96,
41690620119503,78,
41690620126722,62,
41690624130993,506,
41690624133716,514,
41690624135687,147,
41690624136693,415,
41690624138053,377,
41690704130324,43,
41690704132551,340,
41690704137279,275,
42104214230157,10,
42691120111773,61,
42691120124255,14,
42691464230181,8,
42691464230587,149,
42691464230595,7,
42692294230454,305,
42692294233029,48,
42692294233060,270,
42692600116434,133,
42693100000001,1,
42693100102285,552,
42693104231452,297,
42693104234613,441,
42693104236030,487,
42693284230074,7,
42693284236345,193,
42750100134866,1,
42750104231205,13,
42767860120402,98,
42767864231726,463,
42767864232690,22,
42767864235230,480,
42767864235727,454,
42769500132894,79,
43104390000001,2,
43104390113431,82,
43104390123257,40,
43104390123794,52,
43104390135087,54,
43104394330254,32,
43104394330320,15,
43694014330239,367,
43694014330759,155,
43694014330866,309,
43694014331955,234,
43694014336137,278,
43694014338505,322,
43694270000001,3,
43694270107151,49,
43694270116889,106,
43694270123745,87,
43694270125427,50,
43694270125617,46,
43694274330015,367,
43694274330023,494,
43694274330031,634,
43694274330312,22,
43694274330353,74,
43694274330361,18,
43694274330668,99,
43694274330676,174,
43694274330692,654,
43694274330726,3,
43694274332318,85,
43694274332995,359,
43694274333639,207,
43694274334900,300,
43694274335204,378,
43694274335428,281,
43694274335907,486,
43694274337903,530,
43694684331799,532,
43694684332474,434,
43694684333316,546,
43694684334421,445,
43694684334462,533,
43694840114496,50,
43694840118380,431,
43694844332839,299,
43694844334850,119,
43695340000001,2,
43695344334371,470,
43695344337762,337,
43695830000001,1,
43695830102368,312,
43695834333951,225,
43695834334488,78,
43696090000001,1,
43696094334116,448,
43696094334728,429,
43696094334736,19,
43696410000001,3,
43696414332904,453,
43696414335782,449,
43696660000001,1,
43696664330080,234,
43696664330502,137,
43696664330585,67,
43696664330593,24,
43696664332110,91,
43696664333522,421,
43696664333795,435,
43696664335949,381,
43696664337200,240,
43696664338950,389,
43696744330122,414,
43696744330247,59,
43696744338406,55,
43696744338802,425,
43733874331039,58,
43733874334470,695,
44104474430146,18,
44104474430252,72,
44104474430278,260,
44697650100305,35,
44697990105858,289,
44697990117804,59,
44697994430203,10,
44697994430229,80,
44697994430245,6,
44697994430518,279,
44697994437794,65,
44697994437901,331,
44698070110007,70,
44698074430179,18,
44698074436754,174,
44698234430096,24,
44698234430187,56,
44698234430195,19,
44698234432340,182,
44698234436960,30,
44698234437109,213,
44698234437406,240,
44754324430211,184,
45104540132647,20,
45104544530150,13,
45104544530317,1,
45698564530028,191,
45698564530051,36,
45698564530333,32,
45698564530762,22,
45698564530804,111,
45699894530010,15,
45699894530226,13,
45699894531000,28,
45699894533600,27,
45701104530341,18,
45701360000001,2,
45701360106013,118,
45701364530044,303,
45701364530200,83,
45701364530267,80,
45701364530309,44,
45701364532750,246,
45701364537304,338,
45701690129957,11,
45701690134031,1,
45752670120170,44,
45752674530077,16,
45752674530101,17,
45752674531901,102,
46701774632303,2,
46701774634259,22,
47104700117168,46,
47104704730032,5,
47702504732707,13,
47704664730057,7,
47704664730123,1,
47704664734356,14,
47704664734901,3,
47704664735403,80,
47704664738753,30,
47705164739207,133,
47736844731253,16,
47764554730107,8,
47764554733309,39,
48104884830071,19,
48104886089668,3,
48705240118968,4,
48705244830048,30,
48705244831004,394,
48705324830055,11,
48705324832259,256,
48705400122093,1,
48705400123356,11,
48705400125310,42,
48705404830170,354,
48705404830451,468,
48705404833000,266,
48705404836003,76,
48705654830022,41,
48705654830162,5,
48705654838801,350,
48705730135095,55,
48705734830089,348,
48705734830113,92,
48705734833869,72,
48705734837803,418,
48705810101980,1,
48705814830147,285,
48705814830196,82,
48705814838058,76,
48705814838504,283,
49104960000001,3,
49104964930079,8,
49104964930343,11,
49706074930327,31,
49706074930400,315,
49706074931507,128,
49706150127662,1,
49706564930848,2,
49706564930855,105,
49707060129981,15,
49707064930053,2,
49707306120588,40,
49707970107284,48,
49707970134296,2,
49708390120584,48,
49708540132357,3,
49708620000001,1,
49708620128157,8,
49708624930012,373,
49708624930103,15,
49708624930111,21,
49708624930236,20,
49708624935151,271,
49708624935862,25,
49708700106344,10,
49709040101923,100,
49709200000001,6,
49709200108811,3,
49709204930160,215,
49709204930244,329,
49709204934154,328,
49709204935292,216,
49709204935607,142,
49709204936803,419,
49709530000001,1,
49709534930152,12,
49709534937256,264,
49709614930319,34,
49738820000001,3,
49738820123786,31,
49738820127092,7,
49738824930046,42,
49738824930384,83,
49738824935482,268,
49753580000001,2,
49753584930228,406,
49753584930269,35,
49753904930251,6,
49753904932554,131,
50105040129023,164,
50105040131235,25,
50105045030069,16,
50105045030085,27,
50105045030226,17,
50105045030234,37,
50105046069546,10,
50710430000001,1,
50710430107136,37,
50710430108076,359,
50710435030168,92,
50710435030200,67,
50710435030879,334,
50710685030267,100,
50710685031521,71,
50710926112965,19,
50711346113286,19,
50711750000001,2,
50711750110593,564,
50711750120212,17,
50711750121129,527,
50711755030010,394,
50711755030135,336,
50711755031380,336,
50711755031802,431,
50711755034905,519,
50711755034913,226,
50712170133124,21,
50712175030127,46,
50712175036256,324,
50736015030036,15,
50736015030184,1,
50736015035902,189,
50755495032651,175,
50755495032669,11,
50755560112573,35,
50755565036850,130,
50755645030176,17,
50755645030192,13,
50755645031950,38,
50755645035654,342,
50755720117689,16,
50755725030259,103,
50755725030317,186,
50757390124669,43,
50757390131185,22,
50757395030283,513,
50757395036884,97,
50757395037700,487,
51105120114207,23,
51105126069454,1,
51713735132758,52,
51713995130059,15,
51713995130067,7,
51713995135256,111,
51714070109793,124,
51714150129007,59,
51714150132761,5,
51714230132977,5,
51714495130042,20,
51714495137500,170,
51714560133934,18,
51714640107722,392,
51714645130018,53,
51714645130075,20,
51714645130125,15,
51714645139001,341,
52105206069462,1,
52105206119671,21,
52715065231675,12,
52715065231709,171,
52715220132597,10,
52715715235106,32,
52716395237151,49,
52716395237201,334,
53105380125633,15,
53738335337423,6,
53750285330022,3,
53750285337407,18,
53765135330014,2,
53765135337456,77,
54105460119602,51,
54105460124057,2,
54105465430061,11,
54105465430327,47,
54105465430343,5,
54105466119291,13,
54718030112458,32,
54718035430301,18,
54718370109009,34,
54718370122705,12,
54718605430095,13,
54718605430806,31,
54718605433230,222,
54719930124776,17,
54719935430194,35,
54719935432414,205,
54721400123273,174,
54722490107649,7,
54722490116368,316,
54722490130708,41,
54722490133793,62,
54722495430145,11,
54722495435409,355,
54722495435466,364,
54722560109751,241,
54722560120659,35,
54722565430012,1,
54722565430046,356,
54722565430368,450,
54722565432828,309,
54722565434527,444,
54722565435839,76,
54753255430210,169,
54753255430277,12,
54755230114348,92,
54755230116590,113,
54755235430228,1,
54755235430251,263,
54755235430350,1,
54755235430624,83,
54755235432786,357,
54755235434113,412,
54755235434931,68,
54755310102186,65,
54755315431119,22,
54755315431184,379,
54767945436258,18,
54767945436282,140,
54768365430087,30,
54768365431598,175,
54768365431614,16,
55105535530118,2,
55723630100099,14,
55723895530019,13,
55723895530043,43,
55723895536503,185,
55724130112276,63,
55724135530050,8,
55724135530092,1,
55724135530175,1,
55724135530191,38,
55724135536750,62,
55751845530076,14,
55751845530084,9,
55751845530159,2,
56105610109900,150,
56105610122713,19,
56105615630223,12,
56105615630397,17,
56105616069231,9,
56724540000001,1,
56724540124750,7,
56724545630173,30,
56724545632021,208,
56724705630363,20,
56725040127043,3,
56725205630405,5,
56725205631817,13,
56725205634076,158,
56725460000001,2,
56725460120634,36,
56725460125674,220,
56725465630066,140,
56725465630389,622,
56725465631619,630,
56725465631742,482,
56725465632849,439,
56725465634548,631,
56725465634761,408,
56726030000001,1,
56726035630249,39,
56726035630322,284,
56726035634993,60,
56726035635008,402,
56726035636188,430,
56726520000001,1,
56726525630272,52,
56726525630298,88,
56726525630348,239,
56726525630793,381,
56726525637822,427,
56737590000001,1,
56737590123349,17,
56737595630108,56,
56737595630116,639,
56737595633748,579,
56737595637004,528,
56738745630132,337,
56738745630199,19,
56738745630256,48,
56739400121426,23,
56739405630215,11,
56739405630371,43,
56739405633250,459,
56768280000001,1,
56768285635776,312,
56768285636170,51,
57105790113787,19,
57105795730106,1,
57726780000000,1,
57726780000001,1,
57726780119578,97,
57726785730098,40,
57726785732201,508,
57726785732219,31,
57726865730056,10,
57726865732904,67,
57726940115329,7,
57726945735154,432,
57726945739552,55,
57727020000000,2,
57727025730049,16,
57727025738505,88,
57727100000001,1,
57727100101162,341,
57727105738802,246,
57727105738810,80,
58105870113274,2,
58105875830047,3,
58105875830112,45,
58727286115935,50,
58727360000000,93,
58727365830013,203,
58727365830096,68,
58727365830138,46,
58727365835202,195,
58727695838305,152,
Grand Total,429560,
